{"cameraMode":{"drawMode":0,"name":"Shaded","section":"Shading Mode"},"sceneLighting":false,"audioPlay":false,"sceneViewState":{"showFog":true,"showMaterialUpdate":true,"showSkybox":false,"showFlares":true,"showImageEffects":true,"showParticleSystems":true},"in2DMode":false,"pivot":{"x":0.789794921875,"y":-0.150390625,"z":1.40899658203125},"rotation":{"x":-0.054656680673360828,"y":-0.33287397027015688,"z":0.01901598647236824,"w":-0.9412441253662109},"size":2.0609757900238039,"orthographic":true}